样本数,次日上涨频率,bin_left,bin_right
317,0.5646687697160884,-0.001,1.0
69,0.4927536231884058,1.0,2.5
3,1.0,2.5,3.5
95,0.5263157894736842,3.5,6.0
