样本数,次日上涨频率,bin_left,bin_right
49,0.6122448979591837,-6.671,-4.687
48,0.5416666666666666,-4.687,-2.674
48,0.5,-2.674,-1.703
49,0.5306122448979592,-1.703,-0.956
49,0.5714285714285714,-0.956,-0.12
47,0.5957446808510638,-0.12,0.988
49,0.4897959183673469,0.988,1.973
48,0.625,1.973,3.412
48,0.625,3.412,5.077
49,0.42857142857142855,5.077,7.19
