样本数,次日上涨频率,bin_left,bin_right
49,0.6122448979591837,-6.671,-4.66
49,0.5714285714285714,-4.66,-2.67
48,0.5,-2.67,-1.7
47,0.5106382978723404,-1.7,-0.944
49,0.5714285714285714,-0.944,-0.12
48,0.5833333333333334,-0.12,0.994
48,0.5,0.994,1.958
49,0.6326530612244898,1.958,3.4
47,0.6170212765957447,3.4,5.068
49,0.4489795918367347,5.068,7.19
