样本数,次日上涨频率,bin_left,bin_right
49,0.6122448979591837,-6.671,-4.65
49,0.5714285714285714,-4.65,-2.67
48,0.5,-2.67,-1.7
48,0.5208333333333334,-1.7,-0.932
48,0.5625,-0.932,-0.07
48,0.5833333333333334,-0.07,0.988
49,0.4897959183673469,0.988,1.952
49,0.6326530612244898,1.952,3.4
47,0.6170212765957447,3.4,5.067
49,0.4489795918367347,5.067,7.19
