样本数,次日上涨频率,bin_left,bin_right
316,0.5632911392405063,-0.001,1.0
69,0.4927536231884058,1.0,2.5
3,1.0,2.5,3.5
95,0.5263157894736842,3.5,6.0
