样本数,次日上涨频率,bin_left,bin_right
316,0.569620253164557,-0.001,1.0
69,0.4927536231884058,1.0,2.5
3,1.0,2.5,3.5
95,0.5368421052631579,3.5,6.0
