样本数,次日上涨频率,bin_left,bin_right
314,0.5636942675159236,-0.001,1.0
69,0.4927536231884058,1.0,2.5
3,1.0,2.5,3.8
97,0.5360824742268041,3.8,6.0
