样本数,次日上涨频率,bin_left,bin_right
316,0.5664556962025317,-0.001,1.0
69,0.4927536231884058,1.0,2.5
3,1.0,2.5,3.5
96,0.53125,3.5,6.0
