样本数,次日上涨频率,bin_left,bin_right
315,0.5650793650793651,-0.001,1.0
69,0.4927536231884058,1.0,2.5
3,1.0,2.5,3.7
97,0.5360824742268041,3.7,6.0
