样本数,次日上涨频率,bin_left,bin_right
49,0.6122448979591837,-6.671,-4.65
49,0.5714285714285714,-4.65,-2.67
48,0.5,-2.67,-1.7
48,0.5208333333333334,-1.7,-0.932
48,0.5625,-0.932,-0.07
48,0.5833333333333334,-0.07,1.006
49,0.5102040816326531,1.006,1.973
48,0.625,1.973,3.412
48,0.625,3.412,5.077
49,0.42857142857142855,5.077,7.19
